<?xml version="1.0" encoding="UTF-8"?>
<project-private xmlns="http://www.netbeans.org/ns/project-private/1">
    <editor-bookmarks xmlns="http://www.netbeans.org/ns/editor-bookmarks/2" lastBookmarkId="1">
        <file>
            <url>web/VISTA/PRUEBAS/prueba.jsp</url>
            <bookmark id="1">
                <name/>
                <line>27</line>
                <key/>
            </bookmark>
        </file>
    </editor-bookmarks>
    <open-files xmlns="http://www.netbeans.org/ns/projectui-open-files/2">
        <group>
            <file>file:/C:/Users/Lenovo/Documents/NetBeansProjects/AppBibliotecaa/web/index.html</file>
            <file>file:/C:/Users/Lenovo/Documents/NetBeansProjects/AppBibliotecaa/src/java/dao/BaseDatos.java</file>
            <file>file:/C:/Users/Lenovo/Documents/NetBeansProjects/AppBibliotecaa/src/java/controladores/ControladorFrontalLibros.java</file>
            <file>file:/C:/Users/Lenovo/Documents/NetBeansProjects/AppBibliotecaa/src/java/dao/TablaLibro.java</file>
            <file>file:/C:/Users/Lenovo/Documents/NetBeansProjects/AppBibliotecaa/src/java/controladores/ControladorLibros.java</file>
            <file>file:/C:/Users/Lenovo/Documents/NetBeansProjects/AppBibliotecaa/web/VISTA/JSP/buscarisbn.jsp</file>
            <file>file:/C:/Users/Lenovo/Documents/NetBeansProjects/AppBibliotecaa/web/VISTA/JSP/registrarlibros.jsp</file>
            <file>file:/C:/Users/Lenovo/Documents/NetBeansProjects/AppBibliotecaa/web/VISTA/JSP/verLibro.jsp</file>
        </group>
    </open-files>
</project-private>
